,Pos 1,Pos 2,Pos 3,Pos 4,Pos 5,Pos 6,Pos 7,Pos 8,Pos 9,Pos 10,Pos 11,Pos 12,Pos 13,Pos 14,Pos 15,Pos 16,Pos 17,Pos 18
A,0.21572869105543727,0.746243407754217,1.5052353082504222,0.3677317845004871,-0.632268215499513,-1.369233809665719,1.5052353082504222,1.5052353082504222,-0.9541963103868752,0.5052353082504221,0.21572869105543727,-0.36923380966571906,0.045803689613124754,1.746243407754217,-0.632268215499513,-1.369233809665719,-1.369233809665719,1.746243407754217
C,0.045803689613124754,-0.632268215499513,-1.9541963103868754,-0.14684138832927113,-1.369233809665719,-0.9541963103868752,-0.9541963103868752,-0.9541963103868752,-1.9541963103868754,-2.9541963103868754,-1.369233809665719,-2.9541963103868754,0.045803689613124754,-2.9541963103868754,-0.9541963103868752,-0.9541963103868752,1.6896598793878495,-2.9541963103868754
G,-0.9541963103868752,-1.369233809665719,-1.9541963103868754,0.21572869105543727,-1.369233809665719,1.5052353082504222,-1.369233809665719,-1.369233809665719,-2.9541963103868754,-1.9541963103868754,-2.9541963103868754,-1.9541963103868754,-2.9541963103868754,-1.9541963103868754,-2.9541963103868754,1.0458036896131246,-2.9541963103868754,-1.369233809665719
T,0.3677317845004871,0.3677317845004871,-0.632268215499513,-0.632268215499513,1.367731784500487,-1.9541963103868754,-1.9541963103868754,-1.9541963103868754,1.630766190334281,1.1332665308634642,1.2157286910554372,1.5052353082504222,0.8531586116707288,-1.9541963103868754,1.438121112391885,0.045803689613124754,-1.9541963103868754,-2.9541963103868754
